ET,NEE,dayind
0.549042926,-1.564916361,92
0.569984943,-1.146821426,93
0.321005412,-1.314675608,94
0.641649761,-1.535800544,95
0.530189522,-1.26033143,96
0.37933727,-1.084668177,97
0.492095729,-1.035915744,98
0.435470074,-1.420902333,99
0.366370807,-0.936284355,100
1.233346453,-1.116495981,101
0.637536736,-1.179074492,102
0.580770199,-1.210343425,103
0.460792462,-1.227289889,104
0.455483348,-0.905617966,105
0.456267918,-0.451020593,106
0.380932738,-0.652798619,107
0.797016846,-0.825251764,108
1.841810144,-0.711706736,109
1.089405694,-0.41939796,110
0.770081643,-0.687456671,111
0.603025301,-0.92626228,112
0.599136939,-0.650082956,113
0.553719248,-0.624403606,114
0.498721005,-0.832764644,115
0.570863336,-1.274891284,116
0.403136277,-0.845802249,117
0.38678968,-1.275204123,118
0.44846607,-0.974557454,119
0.381783681,-0.400102505,120
0.356377424,-0.381976897,121
0.318997224,-1.191122775,122
0.298096336,-1.259521552,123
0.331548502,-1.021505282,124
0.276386524,-0.652613553,125
0.353286548,-0.689218037,126
0.347720237,-0.714605952,127
0.322555194,-0.781167911,128
0.408262986,-0.922312343,129
0.28580925,-0.64401644,130
0.359876623,-0.681557277,131
0.489610102,-0.775473255,132
0.388392945,-0.374153124,133
0.390033767,-0.587563683,134
1.17818121,-0.375331835,135
0.630935771,-0.113872351,136
1.755919908,-0.933457782,137
1.317309526,-0.540411764,138
1.21420806,0.050392727,139
1.051235624,0.441117211,140
0.768484823,0.267967908,141
0.686232412,0.246315895,142
1.809837729,-0.610186209,143
2.412889138,-0.601226315,144
1.440819648,-0.826246491,145
0.888292411,-0.191780165,146
0.608931194,-0.190788249,147
0.536104709,-0.298600571,148
0.442586832,-0.167248611,149
0.774951671,-0.242454599,150
0.407061532,-0.345186267,151
0.462883118,-0.024945574,152
0.423350905,0.174406494,153
0.36894935,0.045152088,154
0.336266891,-0.238368456,155
0.413353721,0.137482903,156
0.285626176,-0.985086729,157
0.400148301,-0.442722914,158
0.315096534,0.057374409,159
0.27176554,-0.179913273,160
0.427814544,-0.341980267,161
0.417503125,0.063426656,162
0.298584168,-0.173093524,163
0.322592156,-0.463638773,164
0.288592668,-0.223914323,165
0.302168884,-0.063664906,166
0.26268457,0.046519107,167
0.34456977,0.308506114,168
0.644176995,0.093072807,169
0.553082907,0.076659703,170
0.612280988,0.090773757,171
0.679167237,0.044730069,172
1.09568296,-0.015972276,173
0.83162017,-0.263115344,174
0.575966484,-0.134964844,175
0.541857436,-0.355494155,176
0.492971674,-0.348546416,177
0.379948637,-0.217708792,178
0.375777981,-0.185044084,179
0.611197023,0.13000656,180
0.777600731,-0.368093958,181
0.964696085,-0.237773047,182
1.458899005,-0.184211722,183
0.707067678,-0.217372388,184
0.990226968,-0.172768578,185
0.787271386,-0.178805691,186
0.698165281,-0.159208423,187
0.458202225,0.076901845,188
1.402749774,0.297514824,189
1.419551631,0.11321965,190
1.33855433,0.99854419,191
1.089930498,1.136243507,192
1.670092519,0.892408916,193
1.451310297,0.676605261,194
1.429231026,0.872630475,195
2.099669621,1.491027019,196
2.157958051,1.586444709,197
2.088627143,1.37852666,198
1.832198335,0.955017911,199
1.24850063,0.749999942,200
1.438937792,0.867858769,201
2.064779269,0.563880705,202
1.644383472,0.656686075,203
1.358747945,0.096326803,204
1.501905212,0.415499262,205
1.196639656,0.393449227,206
1.009163511,0.021889399,207
1.46198489,1.057830222,208
3.380974421,1.080322164,209
2.823581746,1.431253893,210
1.92764976,0.764480236,211
1.343612579,0.548843053,212
1.913815919,0.723636974,213
1.931869969,0.733695803,214
1.401156762,0.3445407,215
0.903175417,0.102159392,216
0.960186351,-0.230983781,217
1.751352401,1.293838877,218
3.179750459,0.594920252,219
2.143771601,0.594404187,220
2.492631206,0.722578469,221
2.59214668,0.649718446,222
2.453344554,0.979418666,223
3.302610162,0.649370367,224
2.499208693,-0.061128471,225
2.059687682,0.161790692,226
2.042889115,-0.093897602,227
1.956443792,-0.508307442,228
1.86327487,0.323479123,229
2.928230055,-0.261985926,230
2.869131667,-0.728914368,231
2.301176159,-0.58856749,232
2.60798758,-0.508413379,233
2.599426627,0.195110047,234
2.512048347,0.037693689,235
1.87992745,-0.655486392,236
1.559145291,-1.042175973,237
1.780468131,-1.320069748,238
1.446634058,-0.852855708,239
1.12631566,-1.220686122,240
1.365566647,-0.52007618,241
1.086120696,-0.855098114,242
1.268961543,-1.520316227,243
2.11856185,-0.025919978,244
2.826564191,0.306621084,245
2.008881685,-0.220091077,246
1.88133462,-0.316618079,247
2.191343146,-0.162530522,248
1.89214677,-0.132416086,249
1.54502413,-0.01248738,250
1.218540641,-0.275298101,251
1.769190013,-0.036949319,252
2.273300798,-0.116492455,253
2.818986836,-0.214300863,254
0.812942042,1.244722799,255
2.354029935,-0.046114169,256
2.306309933,-0.630897329,257
1.578618773,-1.077932095,258
1.508494271,-1.118828109,259
1.622894775,-1.264528698,260
1.298137116,-1.419019465,261
1.226733327,-1.10981222,262
1.181575906,-0.783781096,263
0.98325368,-0.96745535,264
1.751682271,-0.420689311,265
1.179111167,-0.893731616,266
0.976549468,-0.480952125,267
0.697228766,-0.510560874,268
0.499845622,-1.094233425,269
0.623293965,-1.056331321,270
0.580831649,-0.64088265,271
0.608222535,-0.700187275,272
0.453049171,-0.640483332,273
0.555764383,-0.723255601,274
0.404593118,-0.268009202,275
0.485009254,-0.426968565,276
0.40718101,-0.440902094,277
0.505238623,-0.444323427,278
1.970015322,0.27742376,279
2.146071388,-0.73714589,280
1.747774585,-1.047927272,281
1.675720738,-0.689524389,282
1.774696012,-0.543898821,283
1.48815484,-0.585006925,284
1.289931185,-0.199320071,285
1.200320822,-0.652209263,286
1.032343118,-1.605635308,287
0.442610273,0.500372975,288
1.546225315,-1.103636308,289
1.500988336,-1.211891619,290
1.588822958,-0.778191513,291
1.671779407,-0.873997495,292
1.459232448,-0.864264261,293
1.088074474,-0.352512136,294
2.438131837,-0.35398639,295
1.271572185,-1.087465779,296
1.217163839,-0.810602836,297
1.394342845,-0.112018886,298
1.276861071,-0.463723523,299
1.194813094,-0.448979035,300
0.814237315,-1.149582058,301
0.99415912,-0.803434791,302
1.12064474,-0.709591671,303
1.213247776,-0.582843864,304
1.214794027,-0.385437578,305
0.192165884,-0.398403621,457
0.734013042,-1.159923674,458
0.416187819,-1.010718732,459
0.326539848,-1.829011514,460
0.291935993,-1.337866086,461
0.682817212,-1.317715784,462
0.373359135,-1.083542217,463
0.300499348,-0.349519091,464
0.256284462,-1.331826595,465
0.301468497,-0.99947276,466
1.049023656,-0.525294983,467
1.408619369,-0.833474423,468
1.666530754,-1.189392974,469
1.21769595,-0.660979767,470
0.778205181,-1.163033898,471
0.616339552,-1.740205375,472
0.47349067,-1.438496094,473
0.969335646,-1.635308268,474
0.752056355,-1.485721953,475
0.616970449,-0.841963653,476
0.536851285,-0.592057791,477
0.463909552,-0.281687617,478
0.47544576,-0.631268973,479
0.440103623,-0.725218679,480
0.397976929,-0.50042897,481
0.402342132,-1.340362524,482
0.402978534,-1.249449103,483
0.413838308,-0.754737489,484
0.379565886,-0.612351648,485
0.383937586,-0.594029949,486
0.347261571,-0.356555471,487
0.709592225,-0.691964832,488
0.517646327,-1.024207325,489
0.343090395,-0.636843423,490
0.370219245,-0.296813045,491
0.325010403,-0.278437296,492
0.402369969,-0.025793719,493
0.325764288,-0.093787773,494
0.309756582,-0.663167691,495
0.434407738,-0.187539658,496
0.69658517,-0.165635125,497
0.420802319,-0.11011483,498
0.307173079,-0.245048758,499
0.393759586,-0.631526465,500
0.323594262,-0.105449494,501
0.304902616,0.006563987,502
0.691328983,-0.503035237,503
0.342736085,-0.274259486,504
0.348412109,-0.310244995,505
0.197985951,-0.435397261,506
0.675179557,-0.114779951,507
1.488868504,0.048906798,508
2.458842671,0.169435886,509
2.612183141,-0.068962189,510
1.332835486,-0.310001772,511
1.443194468,-0.534359517,512
1.231348514,-0.526169937,513
1.552048824,-0.269009766,514
1.19016011,-0.40515462,515
1.070690971,-0.096539974,516
1.290383604,-0.184827886,517
0.859870852,-0.466157047,518
0.62882949,-0.346388544,519
0.8073156,-0.534005601,520
0.655870406,-0.339469343,521
0.412932889,0.137295243,522
0.425683344,-0.116655468,523
0.47113709,-0.622858871,524
0.396879,-0.509478803,525
0.807144456,-0.350859951,526
2.556476751,0.209422787,527
1.174916922,-0.425358539,528
0.919944927,-0.183407682,529
0.52024652,0.141157836,530
2.50812944,0.753963933,531
1.647962,0.104164196,532
0.968651584,-0.183301961,533
0.65484607,0.103607703,534
0.404211093,-0.171128284,535
0.623100266,-0.163900785,536
1.939149768,0.007342516,537
0.959331648,-0.309933453,538
0.502327219,0.002183167,539
0.707469858,-0.086704478,540
0.534352439,-0.515840212,541
0.524279202,-0.108678843,542
1.317315465,0.328212346,543
1.302538187,0.317564378,544
0.681044542,0.598304399,545
2.528629485,0.5136778,546
1.745229874,0.44643979,547
2.358321601,1.012372214,548
1.253503818,0.127883063,549
2.03302067,0.542678167,550
1.714786035,0.758776716,551
2.020576044,0.42986324,552
2.072214021,0.123569264,553
1.58538317,0.570419614,554
1.112716436,0.432404864,555
0.898792697,0.479695798,556
1.079569433,0.317762415,557
0.805119276,0.173179138,558
0.700928295,-0.053324156,559
0.700510695,0.491954009,560
0.556419349,0.650151923,561
0.652811184,0.357020513,562
1.066278366,0.262598847,563
0.511781315,-0.049385244,564
2.070870518,0.931505082,565
1.799347525,0.86814588,566
1.336738534,0.611290332,567
0.962662556,0.553063671,568
1.41150428,0.950489428,569
1.908810051,0.557411196,570
1.476560333,0.151929685,571
1.399835428,0.365125128,572
1.057855125,0.285428707,573
1.857731199,0.251347255,574
1.465886547,0.532070413,575
1.694400005,0.174206079,576
1.918985484,0.07542932,577
1.491833353,0.028976802,578
0.838477996,0.073712276,579
1.056811847,-0.120517413,580
0.923802025,0.198220272,581
0.60857664,0.367631511,582
0.789835851,0.046647745,583
1.213545173,0.024885687,584
0.924849945,-0.221022675,585
0.585971764,-0.151914119,586
0.437711475,-0.164674774,587
0.446134323,-0.030600449,588
0.976720832,-0.071757846,589
1.223868672,0.357833634,590
2.043669996,0.57317549,591
1.937008357,-0.159014061,592
1.194408952,0.100860691,593
0.70266043,-0.024838988,594
0.592815421,0.085222009,595
0.775747443,-0.043708101,596
0.574296319,-0.045408282,597
0.76619583,-0.162619812,598
0.436606035,-0.28317333,599
0.439503058,-0.305609493,600
0.639888939,-0.142936497,601
1.087002256,-0.296461508,602
0.925272033,0.452202547,603
1.617546583,0.313558013,604
1.213051144,-0.025974676,605
1.010052834,0.032152534,606
0.620601313,-0.173469924,607
0.616620961,-0.315106639,608
0.519492489,-0.410821385,609
1.804465928,0.615894485,610
2.049848134,0.816798638,611
1.271461403,0.014103244,612
1.578010335,-0.111008593,613
1.118770629,-0.266367827,614
1.203494559,-0.376329805,615
0.992429226,-0.270089892,616
1.033992825,-0.062913834,617
1.71802927,0.124872289,618
1.224243426,0.252900853,619
1.649555035,-0.111358401,620
1.656846689,-0.159647305,621
2.593080911,0.011976721,622
2.30739963,0.049861312,623
2.197646876,0.211357327,624
1.742235073,0.390402998,625
1.218929777,1.013819876,626
1.675079232,0.892649545,627
2.115994053,0.601161672,628
2.506484109,0.799479017,629
2.505798475,0.247289651,630
1.635698552,-0.447677307,631
1.828967986,-1.027555583,632
1.575137159,-0.657000427,633
1.776518734,-0.248462741,634
1.970229788,0.160415673,635
1.87849895,0.30776542,636
1.006208009,-0.402883027,637
1.542771424,-0.249320615,638
1.763573016,0.2807344,639
1.179399626,-0.833918709,640
1.348685617,-0.943750753,641
1.090216571,-0.838126571,642
0.921441542,-1.03583294,643
1.478370857,0.239709316,644
0.817455703,-0.594305169,645
1.263498753,-0.416481881,646
1.348537037,-1.034908477,647
1.233516774,-1.282092191,648
1.216861301,-1.270104877,649
1.269305678,-0.977317654,650
0.927629031,-1.164736457,651
1.081566427,-1.088831934,652
1.146919914,-0.854321098,653
1.331306932,-1.021066184,654
1.122575468,-1.102059792,655
1.116077936,-1.100268376,656
0.893105134,-0.84768836,657
0.969233289,-0.630672915,658
0.748831794,-0.707312728,659
0.76924015,0.295199344,660
2.389132219,-0.740943408,661
1.732484741,-0.980232003,662
1.706174071,-0.654705485,663
1.258649329,-1.020880038,664
1.166542152,-0.457142672,665
1.198316804,-0.852463741,666
0.459873983,0.646513527,667
0.949148661,0.551276794,668
1.376547909,-0.616962503,669
1.264722373,-0.879468601,670
1.280970333,-0.545368968,822
0.734693662,-1.285040699,823
1.42793385,-1.610484197,824
1.518888702,-1.387583843,825
1.823536217,-0.884217174,826
1.123834699,-1.894464378,827
0.966580701,-1.613281583,828
1.187757218,-1.927315448,829
1.372565411,-1.375469188,830
1.457256354,-1.645226351,831
1.432184536,-1.5838579,832
0.988191994,-1.40864369,833
1.661469995,-1.283457481,834
1.317347762,-1.734467048,835
1.384999094,-1.780952212,836
0.814169471,-0.750714909,837
1.650774207,-0.940875968,838
2.270172865,-1.527970501,839
1.490080452,-0.830831186,840
1.8983151,-1.456435339,841
1.84012049,-1.4262381,842
1.777661749,-0.682324563,843
2.20520449,-0.869090881,844
2.256119525,-1.831080313,845
2.048817415,-1.46331303,846
1.894078214,-1.734713081,847
1.969092851,-1.324142918,848
1.780287958,-1.17835131,849
1.436638784,-0.98623647,850
0.795529398,-1.847246519,851
0.823466673,-2.073846237,852
1.232796442,-0.381664923,853
3.16426839,-1.29731707,854
2.088831899,-1.090171064,855
2.056772617,-0.752203865,856
1.941183381,-0.577778345,857
1.622322393,-1.645752793,858
1.373606614,-2.131303017,859
1.865743603,-1.360614223,860
1.571445416,-1.71509895,861
1.693665657,-1.068878588,862
1.255726228,-2.412206052,863
1.291944574,-2.40839167,864
0.656190791,-0.681960486,865
1.924753806,-2.203811935,866
1.879547898,-1.691101837,867
1.69071844,-1.642264871,868
1.510034697,-1.702083614,869
1.469722273,-1.990376945,870
1.631929119,-1.777163775,871
1.739615501,-0.743446765,872
1.743509585,-1.087850611,873
1.622862303,-1.255702847,874
1.290340156,-1.911458838,875
1.593539006,-1.721529544,876
1.221725699,-1.457123281,877
1.462423412,-0.842391077,878
2.081628829,-0.704872501,879
3.39516159,0.07754979,880
1.806544102,-1.07223744,881
2.028679137,-0.991253129,882
1.697116109,-0.958399464,883
1.76510784,-1.49350854,884
1.620065055,-0.663712078,885
1.501465714,-0.34753742,886
1.617546778,0.477589381,887
1.927824356,0.741498821,888
2.668234974,0.647063751,889
2.581836936,0.019248324,890
1.829038802,-0.266640236,891
1.726374191,-0.489232725,892
1.488258807,-0.709010531,893
1.357581878,-1.077742922,894
1.254052442,-1.787233197,895
1.342943207,-1.222842264,896
1.320115306,-0.504917241,897
1.258346717,-0.460078857,898
1.278398597,-0.681388642,899
1.234657204,-0.198743471,900
1.12918118,-0.374925599,901
1.06779457,-0.174544212,902
1.13395032,0.090112624,903
1.237521904,-0.160199475,904
1.190777004,-0.548926938,905
1.814845709,-0.035383181,906
2.536770629,0.375440366,907
1.665735388,-0.42642072,908
1.332213296,-0.552585008,909
0.911541707,-0.138363261,910
2.961968364,0.466037706,911
1.682500187,-0.495132552,912
1.626781733,-1.343613926,913
1.368532314,-1.090300134,914
1.29321167,-0.815114672,915
1.486600948,-0.534795372,916
1.452843405,-0.323016459,917
1.344910763,-0.853897783,918
0.906210357,-0.740533497,919
1.747139041,-0.737606608,920
1.58344623,-0.729681006,921
1.692575447,-0.431686438,922
1.929154019,0.334166223,923
2.856481416,0.904145873,924
1.537079504,0.462604482,925
1.217921549,0.079978775,926
2.161535627,1.209668239,927
3.124732884,1.189379786,928
3.399749496,0.867783964,929
2.625437227,0.421709549,930
2.488808132,0.494422774,931
1.802747875,0.383499147,932
2.4655248,0.306313002,933
2.631266215,-0.22842097,934
1.864379736,-0.228754996,935
1.21181224,0.963621727,936
1.544917658,0.784458877,937
2.940703131,-0.134689408,938
2.585602009,-0.027907919,939
2.519242499,0.531786761,940
2.584704904,0.202471157,941
2.723050871,0.138263161,942
2.4671999,-0.092802991,943
3.320993859,-0.109517043,944
2.660469978,0.121653534,945
2.905396642,-0.120466174,946
2.363404912,-0.136616381,947
1.995924732,-0.137903408,948
2.135438317,-0.852548707,949
1.851497281,-0.455847646,950
1.579059991,-1.140554927,951
1.397506864,-1.271685284,952
1.420182322,-0.349445584,953
1.140623004,-0.436154602,954
1.074020735,-0.350268866,955
1.193734025,-0.263935599,956
1.195362765,-0.284080713,957
0.773791893,-0.610956523,958
1.005528986,-1.165755182,959
1.230223325,-0.97730252,960
0.939914132,-0.854874565,961
0.841053265,-0.750411151,962
0.952673484,-0.505449088,963
0.686802568,-0.600468758,964
0.904456913,-0.501114318,965
0.955286127,-0.556835893,966
0.543573634,-1.12741852,967
0.675426302,-1.178490325,968
0.883927762,-1.220418468,969
0.586240698,-1.091577216,970
0.703181424,-1.462775562,971
0.816695045,-0.946065585,972
0.576263855,-1.423649129,973
0.721291237,-0.972562163,974
0.760897339,-0.849451887,975
0.823729164,-0.368277078,976
0.467222107,-1.310067131,977
0.799620197,-0.897547727,978
0.663705819,-0.334766388,979
0.700635051,-0.687978141,980
0.395994768,-0.744666986,981
0.631546912,-1.170262694,982
0.710456601,-0.888912995,983
0.705449767,-1.140934355,984
0.558516466,-1.059051524,985
0.456108136,-0.909354516,986
0.406108673,-0.724082991,987
0.562631512,-0.644062706,988
0.700095793,-0.386523541,989
0.359426111,-0.638483717,990
0.554460899,-0.572209517,991
0.472636039,-0.602611064,992
0.338584002,-1.128876776,993
0.412047902,-0.953891304,994
0.848246211,-0.587221441,995
0.267074461,0.275963127,996
3.651189907,-0.125028601,997
1.923904959,-0.543999786,998
1.252669449,-0.766451529,999
1.393915994,-0.736685821,1000
1.47039124,-0.280775478,1001
1.458227886,-0.505543999,1002
1.626229803,-0.143034651,1003
1.416920491,-0.973842487,1004
1.210801785,-0.665387828,1005
1.30756865,-0.667818975,1006
2.27853461,-0.948090495,1007
1.537134765,-1.570142299,1008
1.78639173,-0.902962838,1009
1.737300828,-1.084136546,1010
1.378338908,-1.163031952,1011
1.268586217,-1.262395472,1012
1.11952603,-1.392099571,1013
0.908719697,-1.465501386,1014
0.883850259,-1.38747142,1015
0.861699338,-1.307647227,1016
0.658124926,-1.581792128,1017
0.665643836,-1.190072052,1018
0.715125427,-1.025535645,1019
0.538829624,-1.011826963,1020
0.603586579,-1.035270393,1021
0.530429006,-0.940303043,1022
0.607079942,-1.325819966,1023
0.767679511,-0.839473701,1024
1.557330869,-1.298404979,1025
1.17941307,-1.875011314,1026
0.800088741,-1.555131456,1027
0.740865757,-1.450631504,1028
0.491073784,-0.773963112,1029
0.577559896,-1.273475187,1030
0.518060274,-1.323993309,1031
0.446054225,-1.185310724,1032
0.386503414,-0.644805995,1033
0.481671113,-0.288795991,1034
0.38931337,-0.990877376,1035
0.465030151,-0.373842663,1187
0.3592788,-0.194574525,1188
0.284018955,-0.352154761,1189
0.425870945,-1.657599579,1190
0.303273328,-0.584999791,1191
0.236547136,-0.435272082,1192
0.714000825,-1.043258044,1193
0.473426941,-0.723649298,1194
0.386861636,0.585696164,1195
0.402230931,-1.459470759,1196
0.437004762,-1.290312687,1197
0.345150296,-0.931481516,1198
0.356561231,-0.887456036,1199
0.297989998,-1.150906271,1200
0.442329354,-1.001251854,1201
0.301280864,-0.737108056,1202
0.302760667,-0.29556688,1203
0.313214977,-0.283196247,1204
0.287420245,-0.685301826,1205
0.394251965,-0.637477531,1206
0.388204921,-0.518361514,1207
0.303996092,-0.795819865,1208
0.282001242,-0.354456189,1209
0.309388539,-0.828556999,1210
0.31146969,-1.019054246,1211
0.285578395,-1.020227336,1212
0.443776756,-1.155612902,1213
0.321056495,-0.872913262,1214
0.31173235,0.170194309,1215
0.318765963,-1.283219231,1216
0.120722415,0.391010946,1217
0.387629984,-0.936124584,1218
0.41499347,-1.188101191,1219
0.335666664,-0.577161532,1220
0.323370162,-0.776085528,1221
0.45105582,-0.327670337,1222
0.345775564,-0.303362115,1223
0.390858572,-0.274731663,1224
0.28166084,0.478246407,1225
0.315763263,-0.440997654,1226
0.370679229,-1.47379085,1227
0.519822199,-0.76722768,1228
0.285707548,-0.802745768,1229
0.302907953,-0.803125412,1230
0.347361725,-0.949333634,1231
0.462088238,-0.635482024,1232
0.221164782,-0.591113438,1233
0.183913861,-0.522055256,1234
0.615251065,-1.834358307,1235
0.315144418,-1.139953032,1236
0.466068256,-0.791700429,1237
0.336868028,-0.409916381,1238
0.43083673,-0.390236093,1239
0.238054125,-0.730234473,1240
0.461705267,-0.395295991,1241
0.521887782,-0.185719271,1242
0.233987266,0.064342471,1243
0.332048147,-0.038635231,1244
0.345513389,0.532048793,1245
0.352926792,-0.17293851,1246
0.296670398,-0.50927255,1247
0.382093903,0.210140997,1248
0.423421852,0.390050595,1249
0.425820483,-0.148835243,1250
0.356190161,-0.428334288,1251
0.384765208,-0.27886926,1252
0.553551443,-0.06301242,1253
0.483822231,-0.265941052,1254
0.409105513,-0.186515312,1255
0.361718586,-0.47880182,1256
0.399578554,-0.312986818,1257
0.595043711,-0.31147408,1258
0.376490051,0.012178433,1259
0.430293487,-0.190665881,1260
0.331685927,-0.151105106,1261
0.476336503,-0.183110409,1262
0.30954121,-0.025853389,1263
0.354415193,-0.198441442,1264
0.280245162,0.00229732,1265
0.318948612,0.069104015,1266
0.384587997,-0.59677869,1267
0.457863609,-0.432002303,1268
0.42772219,-0.227461916,1269
0.380855507,-0.05480749,1270
0.430787845,-0.023510668,1271
0.358009692,0.023332953,1272
0.331139139,0.076342324,1273
0.464222518,-0.006045112,1274
0.462652729,0.042481826,1275
0.427659732,1.066356206,1276
0.390996036,1.363134876,1277
0.767267976,-0.065847425,1278
0.473175849,-1.440952535,1279
1.12824399,0.190515407,1280
1.170514185,0.677229641,1281
0.883503127,0.223679964,1282
0.547129824,0.007476992,1283
0.465315945,-0.048505967,1284
0.346158094,0.086045074,1285
0.461648303,0.128934434,1286
1.148717085,0.056464864,1287
1.455742171,0.485977864,1288
0.53715108,-0.197851222,1289
1.337394712,0.195343973,1290
0.874341235,0.081290232,1291
0.51947421,-0.103652888,1292
0.383403397,-0.073861669,1293
0.269780569,0.131148517,1294
0.325305868,-0.203638626,1295
0.225610568,-0.025895764,1296
0.59461012,0.216960747,1297
0.581838825,0.008871901,1298
0.463380975,-0.197842574,1299
0.870822761,0.279460562,1300
0.74538962,-0.093056808,1301
1.20815702,0.261723678,1302
0.719873487,-0.181827923,1303
0.505783829,-0.27907854,1304
1.513052385,1.349259072,1305
1.653440537,0.91294751,1306
2.222848226,1.828262605,1307
1.753825118,1.431419501,1308
2.562557481,1.916383828,1309
1.812946506,1.763833222,1310
1.308636031,1.668953433,1311
3.514918038,1.912649008,1312
2.55265514,1.535190001,1313
3.655084596,1.486412273,1314
3.658044705,2.136479014,1315
3.569053017,1.756153437,1316
2.505202983,1.358412031,1317
2.459202878,0.891977818,1318
2.192334364,0.517596389,1319
2.033632335,0.583164486,1320
2.543688885,0.099824454,1321
2.287249327,-0.40578808,1322
1.842746926,-0.516686844,1323
1.785057257,-0.155399015,1324
1.537235397,0.776891947,1325
3.24655091,0.789327872,1326
3.083337443,0.400264221,1327
1.905556094,-0.084158098,1328
2.046177737,0.991759248,1329
3.610456428,0.41502622,1330
2.585663468,0.238246088,1331
2.464717957,0.123663959,1332
2.422598196,-0.192261855,1333
2.170654937,-0.51097446,1334
1.970226022,-0.449991058,1335
1.830344891,-0.085995997,1336
2.031537016,-0.079352449,1337
1.700079457,0.356792208,1338
1.268128393,0.204081615,1339
1.151884854,1.079145182,1340
3.159432754,0.042624733,1341
2.407972301,0.318553484,1342
1.419011804,-0.23389532,1343
2.143374811,-1.644498412,1344
1.345409403,-0.945317323,1345
1.729435694,-0.869369993,1346
1.651855542,-0.979866628,1347
1.288886343,-0.581324857,1348
1.492214459,-0.383608759,1349
1.641427512,-0.869999345,1350
1.436235158,-0.730031246,1351
1.342756253,-1.068453975,1352
1.621005667,-1.175491443,1353
2.230460725,-1.305118791,1354
1.402890756,-1.121892716,1355
1.244839935,-0.990719768,1356
1.207598983,-0.832518827,1357
0.968568882,-0.606946266,1358
0.947545971,-0.34615224,1359
1.279519767,-0.883095106,1360
1.024256552,-0.741551141,1361
0.885876837,-0.392036157,1362
0.657200883,-0.278044681,1363
0.616718736,-0.107700763,1364
0.551966742,-0.264127151,1365
0.662390561,-0.476184743,1366
0.638791637,-0.387396332,1367
0.393487594,-0.005945445,1368
0.661709149,-1.012608086,1369
0.495143966,-0.942248393,1370
0.460365383,-0.780657467,1371
1.23717944,-0.614360992,1372
1.34194656,-0.686482267,1373
2.050980464,-0.757482123,1374
1.316615826,0.445009424,1375
1.161556775,-1.078790402,1376
1.968258937,-1.324268313,1377
1.413478779,-1.165432615,1378
1.247162935,-1.329234597,1379
1.216858375,-0.744994959,1380
1.132333289,-0.599519865,1381
0.879410351,-0.754071599,1382
0.832930081,-0.435375425,1383
0.725141759,-0.380208397,1384
0.68923045,-0.212427507,1385
0.608455412,-0.484436372,1386
0.511121174,-1.503206101,1387
0.471211706,-1.216281952,1388
0.574668943,-0.528183172,1389
0.536850418,-0.602237257,1390
0.480105201,-0.500400432,1391
0.433046991,-0.60177308,1392
0.33901067,-0.254451642,1393
0.334667522,-0.93823338,1394
0.462291165,-0.491913364,1395
0.456738406,-0.688640139,1396
0.86181355,-1.095052815,1397
1.291578964,-0.858730889,1398
0.891092975,-0.965199108,1399
0.869316866,-0.729935687,1400
1.434992199,-1.777806315,1553
0.714951604,-2.599817704,1554
0.878741923,-1.359298226,1555
3.287022647,-2.254308869,1556
2.362171259,-1.40700772,1557
1.971430263,-1.841915076,1558
1.57133328,-1.64515933,1559
1.448556529,-2.296756104,1560
1.161891125,-2.038106329,1561
1.577658724,-1.711108584,1562
2.935361146,-0.66112008,1563
1.576237013,-2.628681866,1564
1.404121904,-1.984198439,1565
1.185052812,-1.493054956,1566
0.951716653,-2.647062804,1567
1.160591863,-2.562011808,1568
1.406266459,-2.177743429,1569
1.354556252,-1.57074614,1570
0.840543365,-1.679234729,1571
1.236439635,-2.132950446,1572
1.142661319,-1.272949826,1573
0.841027356,-0.994376109,1574
1.118167957,-1.607206203,1575
1.138555099,-0.922040798,1576
0.970394467,-0.763576961,1577
1.194020702,-0.364094512,1578
0.961700618,-2.450059727,1579
0.787100448,-1.729714151,1580
0.881165496,-1.682328306,1581
1.031280612,-1.38807245,1582
0.917732262,-1.320183468,1583
0.996112613,-0.997818413,1584
0.906037235,-1.14980431,1585
0.880619129,-0.896802492,1586
0.93692594,-1.151454766,1587
0.934304735,-0.791208146,1588
0.385248726,-0.542102865,1589
0.34610397,-1.561915965,1590
0.689309587,-1.876991039,1591
0.993710735,-1.30119523,1592
0.885888543,-1.145361225,1593
2.024504092,-1.47899279,1594
0.853804507,-0.868094641,1595
1.129622202,-1.604274126,1596
1.109497715,-0.905846271,1597
0.941701982,-0.979697778,1598
1.112412386,-0.520145363,1599
0.794158464,-0.030129353,1600
0.832436607,-0.934993869,1601
0.730860647,-0.930262808,1602
0.971869269,-0.643068628,1603
1.084614944,-0.446187487,1604
0.933824064,-0.062080391,1605
0.658931281,-0.303099435,1606
0.73979438,-0.11157395,1607
0.655865309,0.70481002,1608
0.773545511,-1.464350132,1609
0.707414064,-0.913703771,1610
0.613670391,-0.252355602,1611
0.691824802,-0.333075287,1612
0.536972187,-0.502501444,1613
0.939428266,-0.335006152,1614
0.925235765,-0.230227304,1615
0.805479509,-0.501964841,1616
0.681493615,-0.072534645,1617
0.707514131,-0.988070262,1618
1.128782101,-0.660281231,1619
0.808037829,-0.642993607,1620
0.984746546,-0.432271902,1621
0.763731304,-0.36948476,1622
0.640281827,-0.752071552,1623
0.604485766,-0.310081765,1624
0.658134418,0.097303801,1625
0.755693651,-0.253643277,1626
0.761812435,-0.349459204,1627
0.647596201,-0.29201799,1628
0.435168935,-0.052217438,1629
0.896998561,-0.428836949,1630
0.892903555,-0.368247675,1631
0.795275415,-0.466705109,1632
0.712909488,-0.338588769,1633
0.400896781,-0.345103463,1634
0.850982005,-0.418904596,1635
0.648281999,-0.165450924,1636
0.798626821,-0.145723722,1637
0.564902606,-0.272571196,1638
0.506462821,-0.13161464,1639
0.390607967,0.20178235,1640
0.84942897,0.633987663,1641
0.471603355,0.463965016,1642
0.416553707,0.320186427,1643
0.581241016,0.073375655,1644
1.253929114,0.456277015,1645
0.603617723,-0.169738996,1646
0.690698824,0.42748917,1647
1.353889959,1.249855988,1648
2.717740434,1.537343117,1649
2.150871768,1.141155741,1650
2.480363906,1.423457793,1651
1.42822767,1.354531709,1652
1.937660613,1.394591253,1653
1.886059357,1.028755698,1654
1.128537886,0.382210174,1655
1.091994359,0.574215834,1656
1.005391708,0.428905916,1657
0.773796613,0.248557868,1658
0.707812475,0.024862121,1659
0.745461235,0.48826005,1660
0.746718453,0.347198854,1661
1.750232656,0.652494644,1662
0.948166275,0.034776962,1663
0.745716899,0.095528816,1664
0.647612729,0.240452173,1665
1.184737999,0.262972005,1666
0.801110602,-0.005268961,1667
0.611100472,0.063659501,1668
0.614251335,0.063638746,1669
0.55983211,0.055288747,1670
0.523636135,-0.221524038,1671
0.416408215,-0.129089231,1672
0.366222664,0.105576618,1673
0.366415687,0.066339708,1674
0.389196801,-0.033252766,1675
0.603674682,0.069107258,1676
0.539160604,-0.077873222,1677
0.393002649,0.096919618,1678
2.217312815,0.924957309,1679
1.229741005,0.165490272,1680
0.87794452,0.719613746,1681
1.192907471,0.286231451,1682
0.610306266,0.238804528,1683
0.493506492,0.05850253,1684
0.364022038,0.291122498,1685
0.448002807,0.294548588,1686
0.731309919,-0.135516149,1687
0.61530741,0.133571448,1688
0.58723762,-0.019850652,1689
0.729917304,0.197206087,1690
0.635651639,-0.335112521,1691
0.62589374,0.038370821,1692
1.151610562,0.692366528,1693
1.886205016,1.482223653,1694
1.560080977,0.778517972,1695
1.281816746,0.390878417,1696
0.849600681,-0.084660326,1697
0.746840496,-0.180283188,1698
0.665697944,0.16246523,1699
0.604574287,0.192766893,1700
0.616793198,0.224870567,1701
0.52496711,-0.025212795,1702
0.37550277,-0.162153689,1703
0.369278671,-0.2202035,1704
0.296537056,-0.229031946,1705
0.291787386,-0.122474437,1706
0.230062689,0.161933599,1707
0.449640372,0.182305937,1708
0.62461129,0.09181194,1709
0.488402121,0.056615986,1710
0.490892453,0.916603635,1711
2.261919778,2.12480043,1712
1.257964089,0.557223536,1713
1.367088926,-0.416668028,1714
1.927529876,0.36169666,1715
1.591621596,0.21323652,1716
0.916069013,-0.048343819,1717
0.822158292,1.116182927,1718
1.794782127,-0.278230611,1719
2.138114398,-0.620443507,1720
2.364094434,0.309561161,1721
1.996205286,-0.260407248,1722
1.675291118,-0.632917915,1723
1.743493189,-0.188634268,1724
1.686240505,-0.203635815,1725
1.698859029,-0.369863323,1726
1.493885683,-0.311824321,1727
1.521144641,-0.126276928,1728
1.390874111,-0.296190611,1729
1.872203018,-0.571599839,1730
1.70483051,-0.553609571,1731
1.566389047,-1.027036924,1732
0.910202679,0.196614137,1733
2.253331199,-0.796955986,1734
1.594797893,-0.550682034,1735
1.439851987,-0.926558039,1736
1.186164044,-0.791487906,1737
1.236044842,-0.285981093,1738
1.056706666,-0.292538379,1739
0.918999767,-0.619328142,1740
0.755345853,-1.315052441,1741
0.671127349,-1.483862001,1742
0.823622579,-0.805816212,1743
0.671932614,-0.666408067,1744
0.592775007,-0.906076738,1745
0.503263864,-0.551668977,1746
1.375625449,0.152937817,1747
0.677797547,-1.45139144,1748
0.5755916,-0.992829644,1749
0.552882308,-0.704726784,1750
0.627086465,-0.229764208,1751
0.643018908,-0.474356573,1752
0.487387783,-0.459260547,1753
0.413995649,-0.536976594,1754
0.398265338,-0.200153298,1755
0.24665449,-0.417552494,1756
0.298075189,-0.5226885,1757
0.366267485,-0.050234038,1758
0.340956642,0.178691106,1759
0.336068235,-1.077095193,1760
0.245192166,-0.664823984,1761
0.238288766,-0.682713936,1762
0.273522161,-0.674204383,1763
0.3313274,-0.414436216,1764
0.30472796,-0.372693138,1765
0.28126239,-0.442944084,1766
0.480976721,-1.151790737,1918
0.450131256,-1.22879506,1919
0.3672701,-1.515202712,1920
0.526409127,-1.270155467,1921
0.497529848,-0.821122382,1922
0.344254861,-0.83506845,1923
0.362447972,-1.044558043,1924
0.702653295,-1.273627607,1925
0.840776674,-1.591039998,1926
1.729909855,-0.761239212,1927
1.206620536,-0.813628959,1928
0.934350653,-1.437359325,1929
0.711291892,-0.906443193,1930
0.51464674,-0.814538288,1931
0.685066312,-0.950307389,1932
0.743409974,-0.937547816,1933
0.604568566,-1.391725332,1934
0.338064422,-1.171675548,1935
0.345941527,-1.164911794,1936
0.224241668,-0.89150002,1937
0.311397866,-0.986994893,1938
0.330765165,-0.455693496,1939
0.241704028,-1.246218457,1940
0.327619377,-0.88883819,1941
0.367185267,-0.802301265,1942
0.301855733,-0.972092365,1943
0.35887814,-0.99726927,1944
0.291832161,-0.586274278,1945
0.279877347,-0.297514176,1946
0.312305395,-0.283532651,1947
0.31392542,-0.587533847,1948
0.306850862,-1.239948066,1949
0.348074126,-1.684771776,1950
0.327807196,-1.273734192,1951
0.299346177,-0.813700521,1952
0.783389049,-0.942476049,1953
0.460268059,-0.969873308,1954
0.328752964,-1.06584252,1955
0.29127777,-0.854036366,1956
0.503173428,-1.076514918,1957
0.650633105,-0.898342254,1958
0.391319947,-0.721860475,1959
0.414693627,-0.838181485,1960
0.317557222,-0.456795674,1961
1.400866826,0.47269228,1962
0.644494268,-0.481611529,1963
0.476017454,-0.475256821,1964
0.329211915,-0.536676511,1965
0.311020914,-0.865692032,1966
0.357046196,-0.899893907,1967
0.381752661,-1.031720854,1968
0.364571714,-0.521656371,1969
0.320250058,-0.28494637,1970
0.305913516,-0.562561465,1971
0.552358237,-0.368275781,1972
0.335305684,-0.327736926,1973
0.238007069,-0.371519616,1974
0.282787318,-0.388134864,1975
0.194997978,-0.514629287,1976
0.230616536,-0.355528098,1977
0.299533373,-0.159074813,1978
0.258369085,-0.319931098,1979
0.353788094,0.029720523,1980
1.77450968,0.544956894,1981
0.658070452,-0.119203362,1982
0.83782393,0.084893171,1983
0.511475841,-0.043981808,1984
0.587120202,-0.342792955,1985
0.511919629,-0.027534112,1986
0.808299175,-0.103943242,1987
0.394779357,-0.146837358,1988
0.422236096,-0.014402246,1989
0.334958959,0.386212216,1990
0.42739517,-0.222019131,1991
1.407515744,0.323031593,1992
1.723037545,0.71324866,1993
0.622571532,-0.022667496,1994
0.716811501,-0.196926975,1995
0.366539321,-0.405827212,1996
0.644920387,-0.337606149,1997
0.573501978,-0.333426825,1998
0.681880512,-0.307726504,1999
0.327737488,-0.35195694,2000
0.301683155,-0.320177996,2001
0.464708545,-0.281208739,2002
0.323208297,-0.280636246,2003
0.378464787,-0.16155936,2004
0.287935678,0.08562284,2005
0.689059446,-0.037698661,2006
0.464209416,-0.123923396,2007
0.61780835,-0.000670214,2008
0.933029305,0.07333955,2009
0.652047147,-0.489509026,2010
2.77315408,1.868778758,2011
1.179189895,0.520160497,2012
0.873695756,0.367371857,2013
0.761241952,-0.092212339,2014
0.825533989,0.055811946,2015
0.611258633,-0.083821478,2016
0.759820349,0.00893395,2017
0.494704027,-0.144669756,2018
1.110427513,0.57832338,2019
0.675857932,-0.006350816,2020
0.45561158,0.023427215,2021
0.392456799,0.044618295,2022
1.316891305,0.496551892,2023
1.000436085,-0.121613537,2024
1.175858813,0.518076348,2025
1.163939761,-0.071879349,2026
1.022389014,0.199967584,2027
1.241799148,0.273861466,2028
0.762434154,0.188070424,2029
1.208182126,0.208833431,2030
0.551227996,0.050607195,2031
0.514270024,0.985959953,2032
2.738941944,1.731998715,2033
1.22401665,1.065398016,2034
2.91495735,1.856600757,2035
1.315538606,0.916390463,2036
1.8986495,0.942763593,2037
1.061185173,0.621519092,2038
1.245826972,0.709474924,2039
1.124313553,0.610112053,2040
0.723482866,0.342463253,2041
0.876826389,0.381423862,2042
1.291449232,1.060766407,2043
3.802990024,1.641911603,2044
2.592747035,1.21288159,2045
1.691657288,0.341300973,2046
1.69935613,0.238691672,2047
2.09322633,0.59174906,2048
3.766836031,0.744244752,2049
3.266912496,0.811238891,2050
2.812409139,1.328760475,2051
3.358583531,1.007658665,2052
2.271592071,1.109962045,2053
2.187111806,1.519785245,2054
2.34937079,1.050150869,2055
2.151292258,0.869820765,2056
3.446082528,1.502487675,2057
2.326580729,0.824949735,2058
2.993006747,0.977715458,2059
2.907866404,0.868349538,2060
2.299240236,0.697401779,2061
1.640592003,0.804049659,2062
2.601325501,0.353096952,2063
2.23855429,0.128045644,2064
1.948893679,-0.583810485,2065
1.811824573,-0.463343447,2066
1.63940571,-0.704951197,2067
1.116828826,-0.692813193,2068
1.641422369,-0.012737521,2069
1.653324448,0.359957779,2070
1.341278823,0.12777064,2071
0.945162389,0.017807364,2072
2.179872297,0.451409101,2073
1.977704227,0.134621954,2074
1.400584185,-0.189761092,2075
1.08155492,0.037013746,2076
0.838096724,-0.260411356,2077
0.792762425,-0.210556746,2078
0.831039882,-0.493484474,2079
0.9694192,1.501334259,2080
2.355602205,0.900594605,2081
1.896975792,1.282050248,2082
1.767349568,1.025223888,2083
2.411387231,0.52410503,2084
1.99115993,0.160304547,2085
1.850946588,0.478162306,2086
2.626144179,0.655357106,2087
2.248996701,0.56459524,2088
2.236497278,1.017526807,2089
2.097301751,-0.040956765,2090
2.604696367,0.529094879,2091
2.250660663,0.36497941,2092
2.54787918,0.260192996,2093
2.084751491,-0.060772393,2094
2.19728539,0.804483352,2095
2.060500443,0.31379929,2096
1.670636532,-0.030410411,2097
1.431106999,-0.860559924,2098
1.599668442,-0.374511796,2099
1.7209043,-0.064270044,2100
1.638827799,-0.042394914,2101
1.583356141,-0.365164259,2102
1.381574857,-0.33440858,2103
1.073905516,-0.91459883,2104
1.082611015,-0.977936413,2105
1.334527098,-0.732925273,2106
1.342725912,-0.832662167,2107
1.295458535,-0.519022863,2108
1.04692679,-0.733211735,2109
1.994758685,0.160675759,2110
1.309845556,-0.979246573,2111
1.139867757,-1.146848667,2112
0.945693871,-0.882121999,2113
1.065913688,-0.86835797,2114
0.900524004,-1.235426501,2115
1.749220987,-0.60704896,2116
1.280330886,-0.964059528,2117
1.000494482,-1.021479771,2118
0.904286171,-0.94656738,2119
0.908720156,-0.755700219,2120
1.025232988,-1.029491204,2121
1.038823707,-0.971090935,2122
0.952230667,-0.954816631,2123
0.898555518,-0.929441039,2124
1.064946166,-0.282969888,2125
1.148388757,-0.857402569,2126
1.45258492,-0.667359986,2127
1.478976902,-0.471250672,2128
1.237052521,-0.45355919,2129
0.751200775,-0.661829642,2130
0.643504981,-0.831245421,2131
0.650001932,-1.295740771,2283
0.584893652,-1.013920624,2284
0.29667379,-1.807791248,2285
0.50782992,-2.465580582,2286
0.376415956,-1.839077477,2287
0.481092816,-2.045822868,2288
0.512706379,-2.109021003,2289
0.482972902,-1.636387961,2290
0.480179588,-0.928076614,2291
0.575478281,-0.739656598,2292
0.503835999,-0.54587833,2293
0.391397034,-0.568518801,2294
0.431080634,-1.012471233,2295
0.416480595,-1.60083247,2296
0.592735712,-1.786712592,2297
0.557726472,-0.44739625,2298
0.57924676,-1.548596439,2299
0.810436537,-1.041690609,2300
0.408294227,-0.746312902,2301
0.999845579,-1.097889765,2302
1.142292054,-0.772746566,2303
1.548362884,-0.543758509,2304
1.572160445,-0.176038573,2305
1.094442605,-0.943143236,2306
1.222883103,-0.629696565,2307
1.348122979,-1.79992683,2308
0.654728007,-0.535507312,2309
0.780554933,-0.470961183,2310
0.814748669,-0.873103948,2311
0.55986314,-1.208999971,2312
0.719274844,-1.144622476,2313
0.782321364,-0.747637979,2314
0.784724124,-0.177564715,2315
0.759313412,0.011959641,2316
0.702310878,-0.143817504,2317
0.751574144,-0.360403363,2318
1.035826027,0.080924857,2319
0.391823039,-1.269109069,2320
0.620272277,-0.770556048,2321
0.642829396,-0.222973645,2322
0.830759171,0.41415905,2323
0.330526323,-1.502709062,2324
0.482157225,-0.854103819,2325
0.515630209,-1.373529676,2326
0.556109158,-0.663942545,2327
0.563700234,0.053451929,2328
1.025978029,-0.096027152,2329
0.602438944,0.22339761,2330
0.602060731,0.064380738,2331
0.575889164,-0.140385361,2332
0.47758139,0.023278687,2333
0.788391135,-0.039460027,2334
2.917197969,0.943548175,2335
2.879361249,0.314226713,2336
1.892497709,-0.18532579,2337
1.49586471,-0.225823351,2338
1.23666611,0.391690024,2339
1.29982962,0.55975154,2340
0.935078258,-0.078824061,2341
1.083692899,0.194588145,2342
1.156951854,0.444789767,2343
0.839616409,0.509974112,2344
0.722274285,0.489794407,2345
0.807672405,0.96003738,2346
0.739941818,0.63006021,2347
0.595383381,0.609304554,2348
1.196861106,0.496469736,2349
0.89187128,0.458973436,2350
0.842717397,0.489507512,2351
0.861637728,0.149232615,2352
0.819917745,0.274407798,2353
0.529465345,0.434140285,2354
0.936792338,0.023866097,2355
2.457407202,0.845445306,2356
1.563677465,0.540984688,2357
0.759995576,0.067201689,2358
0.51727928,0.466950278,2359
0.918960969,0.3898945,2360
1.423128504,0.342079286,2361
0.674653755,-0.105403876,2362
0.5232223,0.159711732,2363
0.786773974,0.244026142,2364
0.65904115,0.375990158,2365
0.84645824,0.400504633,2366
0.703440173,0.128415775,2367
0.966642549,0.324039724,2368
0.715658967,0.479621643,2369
0.702848832,0.29760433,2370
0.507583808,0.337240126,2371
0.605449937,0.575188942,2372
0.484553333,0.587573628,2373
1.422833953,0.85848464,2374
2.480106366,2.173494705,2375
3.480900714,2.591465975,2376
2.627226837,2.196400019,2377
4.571781069,3.023815925,2378
2.561868383,2.023561392,2379
2.650353356,1.730401445,2380
2.392477604,1.48955363,2381
2.897605191,1.596616825,2382
4.916365126,2.287853935,2383
2.996777047,1.439713937,2384
3.694275442,1.925977831,2385
2.630497972,1.676507607,2386
2.937095271,1.742858125,2387
4.008985598,1.608263195,2388
3.47621474,1.48324281,2389
3.580745232,1.802462184,2390
3.646407235,1.505789451,2391
3.067871444,1.066980153,2392
3.261502234,1.23259928,2393
2.518578073,1.021917139,2394
3.010176906,1.258820638,2395
3.493524417,1.468483837,2396
4.228250481,1.267127398,2397
4.049004663,1.368949305,2398
3.794942732,1.258525528,2399
4.717936093,1.275078079,2400
2.392530675,0.619551258,2401
4.668619227,0.809103503,2402
4.095401043,0.913817275,2403
4.331301453,0.788589988,2404
3.064691957,0.695093217,2405
2.996488161,1.341255422,2406
2.621660796,0.100833666,2407
2.763226314,1.099070206,2408
4.62631486,1.639576232,2409
3.862790804,1.005131094,2410
1.817531981,2.270192072,2411
3.789491087,0.89635734,2412
2.990832604,1.348124033,2413
3.93476582,0.3742102,2414
3.285166106,0.101387782,2415
3.002406647,-0.127624058,2416
2.185809875,0.237159045,2417
2.719349281,0.166591153,2418
2.490028201,0.493855903,2419
2.703457015,-0.239581111,2420
2.97706478,-0.057282741,2421
3.220959419,-0.47397347,2422
2.256380444,0.022458648,2423
2.311464912,-0.831320226,2424
2.664400984,-0.303318011,2425
2.700208981,0.330400918,2426
2.858762199,-0.801854168,2427
2.57997252,-0.6010873,2428
2.122281792,-0.507881099,2429
2.239879505,-0.048886908,2430
4.378632576,0.577727106,2431
3.675008322,0.315505308,2432
2.815503475,-0.278712084,2433
3.226249807,-0.054908238,2434
3.050785254,0.080526404,2435
2.866633647,-0.117005277,2436
2.772741759,-0.019240541,2437
2.450593462,0.075350624,2438
1.875711464,0.066217556,2439
2.272742977,0.376317049,2440
1.575904034,0.538007642,2441
2.87553928,0.27312769,2442
2.136935039,-0.311919881,2443
3.315183904,0.595741805,2444
2.793696587,-0.109361813,2445
1.623063381,0.830688927,2446
1.22606253,1.124218574,2447
3.246003594,0.09059561,2448
2.360162574,-0.544041728,2449
2.691551588,0.642222645,2450
1.391970821,1.545286015,2451
1.925924225,1.235681615,2452
2.07842677,0.660294203,2453
1.848856524,1.48402415,2454
3.313314035,1.149594814,2455
1.992506084,1.154401977,2456
2.188249338,0.928623379,2457
2.850951292,0.593696355,2458
2.573449504,0.848739298,2459
2.608600629,0.684816029,2460
2.796982244,0.008364052,2461
2.320883438,-0.197655779,2462
1.869422176,-0.058052838,2463
2.212651342,0.215707879,2464
2.309857671,-0.577946331,2465
2.286580043,-0.682324347,2466
1.951143917,-0.802136955,2467
2.056106326,-0.747657005,2468
1.991363923,-0.668590153,2469
1.94235936,-0.406307604,2470
1.950177236,-0.581619319,2471
2.00755843,-0.851559169,2472
1.523947867,-0.069325402,2473
2.553974491,0.217307961,2474
1.055695297,0.647898275,2475
2.496050902,-0.540714225,2476
2.541577282,-0.01696376,2477
1.667022595,-0.988023347,2478
1.61538153,-0.938445686,2479
1.820768769,-0.593978926,2480
1.578333445,-0.365362945,2481
1.45137561,-0.577344652,2482
1.538685527,-0.632257214,2483
1.016416849,-0.541750246,2484
0.694672985,0.327464517,2485
1.762091332,0.005585908,2486
2.221466262,-0.001674886,2487
1.751849048,-0.227044437,2488
1.897251264,-0.335841108,2489
1.690709771,-0.240355748,2490
1.402468845,-0.088704742,2491
1.13094169,-0.62669725,2492
1.215887596,-0.755827776,2493
1.293417778,-0.675120197,2494
1.073742912,-0.595945247,2495
0.644879197,-1.184458471,2496
